Snake,df4329d0
Elephant,4e732086
Wallaby,f1332011
Elephant,34609d9c
Goose,ed2649d8
Elephant,82b0aa29
Catfish,622f4d27
Dragon,f15794bf
Lizard,a857f192
Lemming,39325d6e
Bat,411a35cb
Lizard,ab1a9d0d
Lion,b434a8f4
Lizard,0dfcba5b
Lemming,e4df3efb
Dragon,336e5b50
Ant,8cd58286
Ant,5cf4fdf4
Ant,f4dc83b0
Ant,267d8292
Ant,600a9068
Ant,9d1ca4a8
Dragon,2e88850d
Bat,d3af46ba
Lizard,622f4d27
Ant,5841779b
Lemming,64eb1ad8
Bat,0006b164
Lizard,a62bc681
Lizard,c7aff5b9
Catfish,336e5b50
Cougar,e1438c79
Cougar,b4c88595
Baboon,fe320ca5
Baboon,7c3bfc05
Tortoise,35321335
Bat,1144b742
Porcupine,ca5df47e
Lynx,6c3c7a65
Bat,144c5cbf
Otter,f1332011
Pelican,d3865f38
Bat,f6384b6b
Squirrel,5841779b
Bat,afc30c60
Bat,d0fc5698
Catfish,7708ee9e
Alligator,e53f3b69
Elephant,e53f3b69
Bat,6109b592
Lynx,2330851f
Bat,1d87a369
Cheetah,46c25adf
Dragon,30a5fcd4
Bat,93b53653
Otter,1553ffba
Pelican,e348dd0e
Wallaby,5841779b
Lizard,0a71d77a
Bat,63311371
Elephant,a5a3ff05
Bat,622f4d27
Snake,ab1a9d0d
Goose,0dfcba5b
Squirrel,e5e77fb6
Lynx,f1332011
Anaconda,f1332011
Elephant,252c73f5
Elephant,43aeb8e1
Elephant,f6f1623b
Cat,336e5b50
Dragon,1446954b
Dragon,732884cf
Snake,a857f192
Dragon,1adebbb6
Lizard,aac4b4e2
Bat,d6b52d3f
Pelican,f1332011
Lizard,83abc8df
Otter,2a166786
Bat,cf8f4de5
Pelican,b0222e87
Otter,1fd6239b
Pelican,ab1a9d0d
Otter,b0222e87
Snake,387a2cab
Bat,5ddd5738
Dragon,a275cc2d
Dragon,bd34350a
Dragon,ab1a9d0d
Bat,6339990b
Anteater,75c3a1e1
Caribou,bab44cd0
Snake,660be0e1
Pelican,b7d3925c
Lynx,c575a3a1
Bat,5ffd87b9
Lynx,b7d3925c
Anteater,09ee05e9
Otter,5889b4b3
Crow,5841779b
Pelican,6ca2e10c
Bear,93e8c26b
Pelican,9.90E+09
Tortoise,ab1a9d0d
Armadillo,48a15305
Cat,a3c67792
Opossum,336e5b50
Pelican,30a5fcd4
Ant,7326ec4e
Tortoise,f1332011
Antelope,ab1a9d0d
Cat,ab1a9d0d
Chipmunk,274385d1
Catfish,ccb50954
Elephant,d3865f38
Otter,4e21bfa2
Snake,b7d3925c
Cat,9b814808
Bat,994fe18e
Bat,c20edb75
Bat,e4546380
Anaconda,8d5bb68b
Bear,2301f65e
Lizard,aff25b6c
Caribou,e78b3756
Dragon,e78b3756
Catfish,4ef53037
Goose,9012a234
Otter,36177d01
Swan,87c708fa
Lemming,ab1a9d0d
Otter,1adebbb6
Pelican,04060b58
Lemming,336e5b50
Antelope,ad1b0612
Lynx,05d49b6e
Alligator,252c73f5
Pelican,2a166786
Opossum,15277991
Anaconda,36177d01
Lion,a7f78e44
Lizard,5a159118
Bat,45390b43
Bat,21d5e04c
Antelope,c6221ada
Lemming,bfbbaf2b
Elephant,336e5b50
Pelican,71ca0275
Wallaby,6c9b0924
Lizard,cec06ede
Catfish,252c73f5
Opossum,7.10E+07
Opossum,8cd58286
Opossum,5cf4fdf4
Opossum,f4dc83b0
Opossum,600a9068
Dragon,b7d3925c
Badger,c575a3a1
Parrot,86e120e7
Camel,ce9aa524
Elephant,a19caea9
Cat,e53f3b69
Elephant,ab1a9d0d
Otter,657b3420
Wallaby,05e79346
Lizard,5841779b
Chimpanzee,ab1a9d0d
Elephant,d1603f5b
Cat,83abc8df
Bat,f3016ebb
Owl,8a167cb1
Elephant,ee37467b
Bear,d3865f38
Goose,ab1a9d0d
Bat,75abb1e1
Bat,1aeb0006
Bat,32961969
Cat,0e8108a2
Anaconda,f162a554
Bat,570ed8db
Lizard,d41d3c14
Lizard,681da89f
Lizard,2245372e
Lizard,e08fd588
Lizard,9fc52082
Bat,ca865a4f
Bat,3fe21fe0
Bat,6ca2e10c
Catfish,ab1a9d0d
Bat,2dcc5bba
Goose,3c6d9303
Catfish,ab8ba626
Bat,9e254e4f
Bat,ee37467b
Goose,30a5fcd4
Anaconda,bb877eaa
Anaconda,af6075fe
Goose,52857ff5
Otter,ab1a9d0d
Cobra,9b814808
Snake,252c73f5
Goose,a19caea9
Bat,37583334
Bat,001c1ca1
Spider,6c8f8b09
Cat,c6221ada
Lizard,eafa8dde
Dragon,8d74ba6e
Duck,0ee7a002
Anteater,fe320ca5
Anteater,7c3bfc05
Dragon,bab44cd0
Anaconda,e4bfe7d0
Elephant,321839c0
Bat,72d30463
Wallaby,aaadb187
Dragon,1a303de2
Porcupine,f1332011
Cat,8defa425
Cat,35fadd82
Cat,0dfcba5b
Eagle,220fad08
Eagle,44e89dba
Cat,295bfe9a
Eagle,295bfe9a
Lion,f1332011
Alligator,f67bca1a
Cheetah,30a5fcd4
Dragon,05d49b6e
Wallaby,4b6044ee
Catfish,8862cbc0
Bat,c49551b3
Catfish,89d80e4b
Anaconda,b0222e87
Porcupine,b7d3925c
Cheetah,e78b3756
Lemming,0dfcba5b
Pelican,228f2c58
Bat,c01fcc50
Cheetah,6c42f1d9
Bat,bd0279b6
Cheetah,8f590e12
Elephant,b7d3925c
Elephant,aac4b4e2
Duck,837efc36
Ant,7.10E+07
Ant,1558b26b
Bat,4fe8de38
Pelican,6d407f5f
Elephant,c49551b3
Cat,c82a6d55
Bat,31352782
Goose,83abc8df
Crow,a807023e
Lemming,795ecbb2
Tortoise,c575a3a1
Elephant,196b4067
Cheetah,9132665f
Bat,0694f8bc
Bat,907dbeb9
Catfish,db38792c
Bat,df314165
Bat,077efcd3
Bat,cdce9624
Lynx,ab1a9d0d
Cheetah,b7d3925c
Cheetah,ab1a9d0d
Cheetah,bab44cd0
Opossum,d3865f38
Bat,272e4b89
Snake,f1332011
Bat,811d95d8
Squirrel,87c708fa
Lynx,2.02E+11
Squirrel,531d2fe5
Bat,c951e1a3
Otter,b7d3925c
Camel,cb28e246
Lemming,732884cf
Lemming,576830fc
Lizard,d3865f38
Bat,e5c1bcd2
Lion,fce83cec
Bat,bd88c734
Bat,5841779b
Catfish,1177703b
Antelope,a39bc3ac
Bat,0dfcba5b
Anteater,418b88bf
Dragon,a19caea9
Bat,cf30b5d9
Bat,95a24d37
Bat,bdd46cc2
Bat,9183bab7
Squirrel,75551ac4
Bat,d18f6079
Bat,52f9e8f8
Bat,2f63aeb3
Elephant,67c6eb83
Bat,d05ff76a
Bat,3214e601
Bat,b861dbc1
Bat,30bf1f5b
Bat,91dee7c7
Dragon,ea4945ab
Ant,d3865f38
Antelope,1446954b
Bat,f6699db2
Bat,db27bdbb
Squirrel,72bf99b7
Bat,0cb4bed2
Antelope,1adebbb6
Cat,ea84e6b9
Bat,aba942df
Bat,d1951ea7
Antelope,a275cc2d
Anteater,3118f597
Bat,459e147e
Bat,159a1e85
Antelope,2e88850d
Bat,ef6ec429
Bat,43952b99
Bat,ee91addc
Bat,95a57c5a
Bat,4e18ecf2
Elephant,0dfcba5b
Bat,391cf0fb
Alligator,30a5fcd4
Bat,b250d79f
Bat,a14863ef
Wallaby,ab1a9d0d
Tortoise,1b4a55e3
Anteater,b109deb8
Bat,717ca829
Bat,72b71589
Porcupine,a3c67792
Alligator,d5dfa52b
Tortoise,a00c5a27
Ant,622f4d27
Lizard,8afcaa6f
Bat,2897c3d3
Bat,b14e87ff
Wallaby,4589389d
Dragon,83abc8df
Elephant,b2d4f375
Cat,1705bf2d
Alligator,bf3dcac9
Alligator,22722a34
Elephant,77fe4307
Cat,4d9d81e6
Alligator,c6221ada
Alligator,732884cf
Alligator,46c25adf
Bat,9047c201
Elephant,ffa25a14
Anteater,571f3576
Hyena,4819c3b9
Bat,97f34c97
Elephant,548cdd4a
Elephant,b8c0d26a
Elephant,622f4d27
Bat,07dd4f5e
Goose,ab776e4a
Tortoise,b7d3925c
Armadillo,750ada0b
Antelope,387a2cab
Anaconda,ccb50954
Owl,7af653ee
Bat,88c7fe66
Alligator,b958423e
Pig,9.90E+09
Bat,c6221ada
Bat,21beaf4d
Cheetah,1b28788f
Chipmunk,9d6f1c74
Bat,585dbb66
Wallaby,9ddca75b
Pelican,83abc8df
Anaconda,ab1a9d0d
Catfish,b7d3925c
Porcupine,67c6eb83
Bat,ec4bab16
Lemming,83abc8df
Ant,bf211c07
Lemming,9b814808
Pig,0dfcba5b
Pig,bab44cd0
Eagle,039ad70a
Eagle,062c6f16
Opossum,c5fe6260
Elephant,f7fa4590
Squirrel,274385d1
Lemming,084c116e
Otter,05d49b6e
Bat,2994bce9
Lizard,a19caea9
Lizard,6f345045
Porcupine,ab1a9d0d
Tortoise,8afcaa6f
Porcupine,a5e19122
Lizard,d4c71c4d
Pig,ab1a9d0d
Lemming,a19caea9
Lizard,b7d3925c
Anaconda,7a54643f
Lynx,1553ffba
Alligator,afbbbe06
Antelope,bd34350a
Cat,2862e4c9
Pelican,68720dda
Catfish,199aca74
Antelope,b23492b5
Fox,843fe0d1
Antelope,ea4945ab
Lemming,676b9ce1
Lemming,268d6b89
Lemming,bab44cd0
Wallaby,bc75ea01
Wallaby,86f20272
Wallaby,8bc76f05
Badger,db2e3c4d
Goose,fcd348bd
Badger,05d49b6e
Wallaby,2bb1b450
Wallaby,67c6eb83
Wallaby,c1e14d01
Wallaby,9e9d853f
Wallaby,cd15ed23
Wallaby,eb587c1c
Elephant,94f746a6
Snake,f18de0f6
Goose,2c216fbe
Snake,a3c67792
Bat,5269f8df
Wallaby,23ecec02
Anaconda,2a166786
Cat,61f93f95
Lion,5841779b
Ferret,a19caea9
Goose,2e88850d
Catfish,05d49b6e
Squirrel,3774b3c5
Catfish,a19caea9
Tortoise,63860333
Wallaby,5b5259c7
SeaLion,ab1a9d0d
Bat,30a5fcd4
Opossum,05ca61f8
Anteater,4dc6f62e
Anaconda,a59c12de
Anaconda,fc1c55d2
Owl,a19caea9
SeaLion,062c6f16
Tortoise,a06cf432
SeaLion,b51d0fff
Caribou,4819c3b9
Opossum,8defa425
Cobra,b8fbc184
Bat,04d33709
Caribou,3bb0ef1f
Caribou,e9e2c0bf
Chipmunk,14d05a50
Lemming,1287062a
Caiman,ffcdc50e
Antelope,aac4b4e2
Lynx,e53f3b69
Camel,5e7909a6
Anaconda,e53f3b69
Antelope,79c88bbd
Parrot,984bba32
Parrot,8a167cb1
Otter,e53f3b69
Cheetah,282dad04
Antelope,1553ffba
Wallaby,0dfcba5b
Bat,2.54E+269
Alligator,cc557ef4
Alligator,9473887d
Lemming,8defa425
Bat,bab44cd0
Bat,b4178a0c
Wallaby,0e8108a2
Caribou,d4c71c4d
Catfish,d233b929
Pelican,05d49b6e
Dragon,55af7094
Elephant,f7976565
Elephant,d03b4ad9
Elephant,391ca61a
Wallaby,927dea08
Hyena,53d0d033
Wallaby,05d49b6e
Alligator,24934625
Wallaby,83abc8df
Wallaby,21beaf4d
Wallaby,162d6d2e
Caribou,0dfcba5b
Tortoise,78afe58b
Wallaby,9b814808
Duck,a19caea9
Elephant,465d5e74
Elephant,83abc8df
Elephant,9b814808
Wallaby,92c3f8e3
Duck,3bb0ef1f
Duck,6c8f8b09
Elephant,94eeddd4
Cat,46c25adf
Cat,30a5fcd4
Cheetah,cc003181
Armadillo,bab44cd0
Catfish,e3fea61f
Catfish,2146619a
Baboon,9.90E+09
Baboon,ab1a9d0d
Baboon,bab44cd0
Catfish,102558db
Opossum,4c543835
Opossum,ee5176b8
Opossum,9b814808
Opossum,b0222e87
Cow,1eabd0a7
Dragon,36177d01
Opossum,27785f9f
Opossum,ef070eb9
Lynx,509bfd29
Lynx,10bfbb5d
Opossum,9.22E+24
SeaLion,cbdb4f2e
Opossum,ab1a9d0d
Opossum,b51d0fff
Opossum,1f2cfd2c
Opossum,b64548da
Opossum,e5ec3d03
Baboon,a19caea9
Opossum,8de06860
Opossum,9cf0aa4d
Caribou,46c4df1f
Elephant,0e8108a2
Otter,09efd41c
Lion,b7d3925c
Elephant,c6221ada
Baboon,30a5fcd4
Bear,a66fd6e5
Elephant,803b78aa
Elephant,05606bd4
Opossum,bf03664f
Bat,2.54E+269
Opossum,8bede531
Opossum,f5a38f44
Bear,6fa80213
Bear,d8a44625
Bear,52f0a3ae
Lemming,2146619a
Anteater,db8bed1f
Anteater,c6d17357
Caribou,870bda63
Pelican,c3e0000e
Lizard,8bede531
Caribou,485f1870
Lizard,fe9524b1
Lizard,d8a44625
Opossum,0d043e78
Lizard,5269f8df
Lizard,6172de84
Spider,4819c3b9
Spider,577acee3
Spider,55eec7af
Spider,b7d3925c
Tortoise,d4d6d5ee
Lizard,199ecb03
Caribou,465d5e74
Crow,762ae694
Spider,7c227479
Pig,bdcc001f
Spider,4d9d81e6
Spider,b0222e87
Spider,5af0c1b2
Spider,d97edc12
Spider,9ede257b
Opossum,05d49b6e
Bat,63311371
Opossum,83abc8df
Bat,21beaf4d
Spider,da5f9583
Spider,8caa2d68
Spider,cd973cd2
Spider,5b07f835
Spider,3bb0ef1f
Spider,4cf9d6b5
Spider,a403a183
Spider,ce9aa524
Spider,d6cd32c1
Spider,ddc68776
Spider,14b18053
Spider,b8f581ee
Bat,27ffdf58
Tortoise,4fe8de38
Lizard,4fe8de38
Pelican,4fe8de38
Ant,4fe8de38
Anaconda,4fe8de38
Bear,4fe8de38
Opossum,4fe8de38
Elephant,4fe8de38
Bat,d3865f38
Bat,1b4a55e3
Bat,ccb50954
Cougar,9f310fe1
Cow,ee7e1e35
Spider,bab44cd0
Spider,f752c723
Bat,2994bce9
Caribou,b82cb457
Peacock,2f12d6e8
Caribou,72423296
Bear,6b7102d2
Caribou,f7fa386a
Caribou,9ede257b
Peacock,92e6beae
Lizard,f129c28b
Chimpanzee,bab44cd0
Lizard,cfdc7215
Spider,0a18f83a
Caribou,5af0c1b2
Ferret,74ddb96c
Lizard,c58f4124
Opossum,27ffdf58
Anaconda,d3865f38
Tortoise,d3865f38
Opossum,1b4a55e3
Opossum,ccb50954
Lizard,4080a448
Lizard,15c48e1a
Lizard,10e90c98
Lizard,40a9057f
Ant,ab1a9d0d
Cheetah,fa43d605
Lizard,fc018969
Camel,f2a97227
Opossum,35fadd82
Anteater,de636def
Cat,24934625
Anteater,8f117a78
Camel,4819c3b9
Caribou,9928a599
Pelican,27ffdf58
Elephant,de636def
Pelican,ccb50954
Pelican,1b4a55e3
Snake,a63d0ac6
Anaconda,1adebbb6
Wallaby,4285f0b1
Wallaby,25bc5684
Wallaby,4f6aa954
Cougar,17e20a8a
Squirrel,835e345b
Crow,46c25adf
Cougar,f606a9c3
Lizard,1ef145ac
Anaconda,56a3af64
Lemming,465d5e74
Lemming,b4345b9e
Elephant,27ffdf58
Elephant,ccb50954
Elephant,1b4a55e3
Bear,27ffdf58
Bear,ccb50954
Bear,1b4a55e3
Camel,eacb05ba
Duck,661ea884
Hyena,67c6eb83
Duck,bb17d26e
Duck,4819c3b9
Camel,5b07f835
Duck,108aebf5
Duck,3cd8deed
Camel,0b68c348
Spider,837efc36
Duck,c8aafee4
Cougar,bb9b4aa9
Goose,94f746a6
Eagle,17664280
Eagle,e53f3b69
Eagle,f2e80442
Eagle,f72c5e3e
Eagle,7bc5b349
Eagle,a302285a
Eagle,ba8ac4cd
Eagle,2e625ce2
Eagle,2d363b8c
Eagle,68adacb0
Eagle,a05953a7
Eagle,929ee931
Eagle,a12534e8
Eagle,1b2b4fb9
Eagle,6f1ca5a1
Eagle,f7976565
Eagle,a7c3fed6
Eagle,ac687a41
Eagle,178a7772
Opossum,21c5dbff
Eagle,9473887d
Eagle,c84a170e
Eagle,525c4c72
Eagle,c82a6d55
Cat,21130615
Wallaby,f0a4fedb
Anaconda,1446954b
Camel,7c278015
Cat,f702e99d
Camel,7fde8f82
Anaconda,2e88850d
Ant,6fa80213
Ant,8afcaa6f
Anaconda,a3c67792
Spider,bf0fbcee
Camel,b0222e87
Opossum,29ce4828
Spider,d5ad7473
Spider,a5f51050
Spider,9a619789
Catfish,27ffdf58
Spider,706f4527
Spider,05cae1e4
Spider,aba1dad8
Swan,46c25adf
Camel,9ede257b
Camel,a224b9f0
Camel,e5b1d468
Spider,14cdd658
Spider,1f144aae
Spider,5f96311f
Cat,efbd3cbd
Cat,f2e80442
Cat,db171066
Armadillo,a19caea9
Eagle,68c21891
Armadillo,ab1a9d0d
Eagle,6607af00
Spider,062c6f16
Spider,c6221ada
Spider,907dbeb9
Spider,108aebf5
Spider,7fe52a0d
Pelican,de636def
Spider,f5a38f44
Spider,1705bf2d
Dragon,b4345b9e
Pelican,36177d01
Pelican,af3422b4
Pelican,bd34350a
Pelican,1446954b
Ant,8616683f
Ant,8bede531
Ant,27ffdf58
Ant,1b4a55e3
Bat,4fe8de38
Ant,ccb50954
Bat,459e147e
Spider,e6e8dfeb
Bat,391cf0fb
Pelican,46c4df1f
Spider,2777f0bd
Anaconda,27ffdf58
Lizard,ccb50954
Tortoise,ccb50954
Anaconda,1b4a55e3
Spider,d991c36c
Porcupine,af3422b4
Cow,0dfcba5b
Cow,bab44cd0
Cat,2bb1b450
Cat,26e3833b
Antelope,db959f8f
Spider,caaceff0
Spider,67ef2b7f
Baboon,342b0ec6
Baboon,6a7aa6ff
Baboon,e492478a
Baboon,c1e14d01
Baboon,f97180d8
Baboon,9e127bf9
Tortoise,27ffdf58
Spider,29174917
Baboon,8c55dfb2
Spider,ab1a9d0d
Lizard,1b4a55e3
Spider,30c582a7
Spider,04c3f2f8
Spider,078483de
Anaconda,bd34350a
Anaconda,11e6f80c
Spider,9928a599
Spider,e7e87771
Stork,895eff10
Stork,fd38ed19
Baboon,a9461222
Spider,cbaf3c4f
Lizard,27ffdf58
Cobra,5269f8df
Cobra,bd1c3d79
Spider,e053eb3d
Dragon,465d5e74
Spider,6a315862
Cobra,81ac9fcd
Alligator,77fe4307
Bat,e4ef5d0a
Spider,b7dee8c5
Spider,c8050762
Anaconda,387a2cab
Snake,05d49b6e
Cheetah,000bdeda
Cheetah,ad7020ac
Stork,b78b0805
Stork,e0890585
Bat,de982611
Stork,22954516
Dragon,b39a4ac9
Dragon,0e8108a2
Stork,f7233d7c
Stork,d3d3d885
Stork,985ef1d7
Stork,14d414d0
Cheetah,242f17be
Opossum,8f117a78
Stork,e737db7b
Lynx,b06c9c05
Lynx,fc6ba648
Lynx,2607fe67
Stork,99ebbb30
Lynx,7d1a3ceb
Lynx,a59c12de
Spider,31cfdb46
Anaconda,af3422b4
Stork,d9d58652
Stork,2fa1f667
Spider,a328b736
Elephant,9c32e775
Stork,92e6beae
Stork,adb24d69
Stork,1d544564
Anteater,0dfcba5b
Cow,c1ba7482
Spider,1c7fbde8
Spider,4a46d285
Lizard,0e8108a2
Spider,cad34ac1
Spider,ebcd5d6b
Spider,231809ec
Crow,cb45c723
Squirrel,ab1a9d0d
Cat,bb9b4aa9
Crow,d05b0a4b
Crow,ab1a9d0d
Antelope,11e6f80c
Wallaby,36198649
Wallaby,1d544564
Crow,8f03d9b0
Crow,00a336e3
Alligator,9ade0751
Crow,9684f649
Spider,79f48a96
Wallaby,2767d0da
Wallaby,adb24d69
SeaLion,5b07f835
SeaLion,a403a183
SeaLion,55eec7af
Lynx,44aca2ae
Badger,21fe2463
SeaLion,4819c3b9
Stork,e5fc1d33
Cougar,95108864
Snake,576f8906
Cow,c17697b0
Dolphin,1986834c
Lemming,fadedc31
Lizard,09efd41c
Dolphin,c0028fa4
Dolphin,c6221ada
Dolphin,ea8b102a
Dolphin,af3422b4
Snake,6a670026
Snake,eb2a9db9
Snake,aac4b4e2
Snake,67780412
Snake,40f67230
Pelican,11e6f80c
Alligator,2db03c93
Spider,3162620e
Anaconda,9.22E+24
Badger,0ed049dc
Snake,4049174e
Spider,bdecd324
Cobra,0dfcba5b
Cat,bfd8a61d
Cat,c7df67a5
Swan,a957c85a
Opossum,0e8108a2
Opossum,bab44cd0
Opossum,732884cf
Lemming,1e1cbbb7
Anaconda,8ffa21f1
Opossum,fef46087
Porcupine,46c25adf
Cheetah,e3f8db5d
Bear,8616683f
Owl,531d2fe5
Lizard,05d49b6e
Otter,5f7bb616
Catfish,30a5fcd4
Dragon,af3422b4
Cheetah,b0222e87
Anteater,e492478a
Snake,0dfcba5b
Anteater,c1e14d01
Bear,622f4d27
Kangaroo,ef977341
Porcupine,919acdd7
Spider,4d5d5983
Crow,40fc1165
Porcupine,96292c3a
Porcupine,26e3833b
Otter,af3422b4
Spider,623232a2
Spider,3d11f7e3
Spider,5f0889c7
Spider,ce8452d1
Spider,35b757e1
Bat,4e18ecf2
Spider,2e3069e7
Goose,05d49b6e
Spider,e18756ab
Bear,cc6b5dde
Bat,411a35cb
Bear,f80f33bc
Bear,a81cff7b
Bat,3fe21fe0
Bear,631c91f3
Catfish,b4345b9e
Anaconda,8b990fa0
Goose,b4345b9e
Opossum,aac4b4e2
Anaconda,e382f4ea
Anaconda,a430259b
Camel,bab44cd0
Camel,21beaf4d
Owl,3c283a97
Owl,17ab2592
Owl,7ff02eed
Owl,92cd8693
Owl,cb697818
Owl,29174917
Spider,0d6a023c
Cow,9d6f1c74
Goose,d0a0c107
Catfish,09efd41c
Goose,b64548da
Anaconda,8bc1936e
Goose,e5ec3d03
Goose,9b814808
Otter,c487f29f
Goose,ef070eb9
Opossum,e4ef5d0a
Anaconda,622f4d27
Goose,e46364e9
Goose,1f2cfd2c
Goose,b51d0fff
Lizard,40ecd546
Goose,8de06860
Bear,2d59255d
Bear,8fadf254
Lizard,af3422b4
Lizard,b4345b9e
Badger,d77253b1
Lizard,77dfc64e
Wallaby,e4df3efb
Cat,97cad9a1
Lizard,9b814808
Lizard,77a3a903
Anaconda,2d59255d
Otter,622f4d27
Spider,4e313737
Spider,25d946e5
Elephant,37f64554
Bat,5269f8df
Elephant,9ca5c6ae
Stork,d6e99cfc
Lemming,9facb2f6
Squirrel,8eab6b89
Otter,228f2c58
Parrot,36c8c5fa
Cheetah,8acbb800
Elephant,484bf4c4
Anteater,4d8fd72a
Anteater,484bf4c4
Opossum,8.14E+31
Otter,a2677434
Wallaby,17e20a8a
Alligator,1b67cd6e
Alligator,b08999dc
Alligator,5ebd547f
Alligator,55f9e033
Alligator,68e6c1fd
Alligator,cc017d7a
Alligator,f72c5e3e
Bat,09efd41c
Catfish,af3422b4
Spider,e9184fba
Alpaca,3cff5821
Alpaca,f44c31ff
Alpaca,293fd5f5
Anaconda,2330851f
Squirrel,bbb6b345
Anaconda,ea4945ab
Catfish,5f7bb616
Cat,c84a170e
Anaconda,a39bc3ac
Stork,50c42d46
Stork,037de31d
Dragon,0dfcba5b
Stork,51a703a7
Stork,a36cd497
Squirrel,0dfcba5b
Dragon,ef5e39db
Dragon,44461e2f
Dragon,9100a803
Dragon,aac4b4e2
Dragon,21dc6542
Dragon,aff25b6c
Dragon,c6221ada
Dragon,e70f9af1
Dragon,4cfa8092
Dragon,9.22E+24
Dragon,907dbeb9
Dragon,6c4eebb9
Dragon,7c1cc2d2
Dragon,2a166786
Dragon,0a1d86d7
Dragon,07f89d97
Elephant,b95f5f67
Squirrel,83abc8df
Squirrel,6c2e2ee9
Parrot,0dfcba5b
Parrot,ab1a9d0d
Parrot,f4314ac5
Parrot,21beaf4d
Squirrel,678a2268
Squirrel,35123f4a
Crow,c44b54d4
Crow,1c842bc5
Caiman,c7a1ada6
Duck,5b07f835
Otter,37f64554
Duck,a2291b20
Spider,4a06e320
Bat,c2878a41
Bat,9e127bf9
Snake,622f4d27
Bat,81ce6ce4
Duck,48e8994b
Bat,d421495c
Lion,ab1a9d0d
Squirrel,661cc5b0
Otter,937f019a
Cobra,b0222e87
Anaconda,30a5fcd4
Cobra,b2346129
Anaconda,c5dfff90
Cobra,8bede531
Spider,35b9988a
Spider,04d33709
Spider,f376bf36
Spider,d24208d8
Lemming,b4178a0c
Otter,400f053d
Spider,39782c59
Wallaby,46c25adf
Stork,0717b7d7
Stork,2f2ff690
Squirrel,0e8108a2
Stork,b4701f6f
Stork,c368c769
Stork,2a56de49
Caiman,ba60f5fd
Cheetah,05ccbfd2
Otter,484bf4c4
Otter,c79d51ea
Cheetah,5a709804
Cheetah,b470dc55
Crow,c7e765e8
Crow,4a0ed590
Squirrel,917c5f28
Dragon,2c216fbe
Anaconda,228f2c58
Crow,b51d0fff
Crow,30a5fcd4
Crow,88b210fb
Crow,696e8d8f
Crow,ad4e2472
Owl,ab1a9d0d
Anaconda,8616683f
Anaconda,04060b58
Cow,e89e8e9d
Elephant,30a5fcd4
Anaconda,71ca0275
Anaconda,f7cd6d19
Squirrel,9b814808
Squirrel,b4345b9e
Elephant,b4345b9e
Anaconda,47af9653
Cougar,b08f1b95
Badger,d365e31c
Otter,9.22E+24
Ant,6c3c0dac
Elephant,cf178736
Lion,a9461222
Parrot,a19caea9
Elephant,af3422b4
Anaconda,6fa80213
Otter,3be1e62f
Elephant,297f7825
Crow,c6221ada
Elephant,39325d6e
Crow,9b814808
Cheetah,94f68c68
Cheetah,d4c71c4d
Cheetah,e492478a
Cheetah,67ce521d
Tortoise,6fa80213
Stork,c1e14d01
Stork,e492478a
Crow,4df3634e
SeaLion,21beaf4d
Otter,60cb347e
Otter,f6384b6b
Opossum,622f4d27
SeaLion,0dfcba5b
SeaLion,837efc36
SeaLion,b0222e87
Peacock,f44c31ff
Peacock,3cff5821
Peacock,293fd5f5
Otter,a4271318
Bat,d8108d96
Bear,1446954b
Elephant,46a5da09
Caribou,a5c2d56a
Elephant,70b560bf
Alligator,f90f14f1
Alligator,2daced50
Alligator,11e489ef
Alligator,e2fb6b46
Alligator,d2780177
Antelope,732c62fe
Elephant,05d49b6e
Elephant,b39a4ac9
SeaLion,bab44cd0
Caribou,db2e3c4d
Lion,db057e21
Cat,525c4c72
Crow,82d262d2
SeaLion,05d49b6e
Goose,0e8108a2
Anaconda,ce2044e8
Chipmunk,0dfcba5b
Chipmunk,bab44cd0
Elephant,a06beda3
Catfish,0dfcba5b
Otter,83abc8df
Goose,52b9e6c5
Spider,99979a85
Elephant,8defa425
Bat,9e726b54
Bat,7fe0b381
Lemming,0b3364cb
Tortoise,622f4d27
Fox,bcecdd64
Fox,4819c3b9
Elephant,8afcaa6f
Lemming,05d49b6e
Tortoise,5a3e879d
Peacock,43b7902e
Opossum,b0fb5a56
Caribou,2a23b72a
Alligator,ef14fbcb
Alligator,1f25c21d
Alligator,cf6ac6f4
Alligator,41385826
Alligator,b51d0fff
Badger,5fff124e
Alligator,a0d18958
Alligator,6e357532
Alligator,8e5096fa
Alligator,2fa4875c
Alligator,8c200ffd
Alligator,71ccfbd5
Alligator,0dfcba5b
Alligator,ab1a9d0d
Cheetah,05ca61f8
Alligator,0e8108a2
Alligator,83abc8df
Stork,843fe0d1
Eagle,bab44cd0
Camel,7dedb416
Wallaby,9c5537ac
Spider,39bedcdb
Spider,7ff02eed
Alligator,dd2f2698
Spider,93a4517b
Alligator,a06beda3
Lemming,9e726b54
Bear,05ca61f8
Alligator,b397b739
Alligator,2630d7f8
Spider,bfbfa0f9
Stork,e2858b5c
Spider,af5fc251
Lynx,ad1b0612
Lynx,a3c67792
Ant,09efd41c
Alligator,5c064e8d
Stork,c3a4e67c
Bear,5eb1e218
Lynx,1446954b
Stork,bab44cd0
Stork,af3422b4
Stork,d4c71c4d
Bear,92afb4bb
Kangaroo,6c019402
Goose,99ae2c66
Bear,1553ffba
Badger,9cbd02b8
Lynx,228f2c58
Anaconda,8afcaa6f
Anteater,2087acf2
Anaconda,8bede531
Anaconda,a66fd6e5
Goose,812b67cf
Bear,db2e3c4d
Tortoise,fdeb156f
Tortoise,26982b42
Cheetah,02583fd8
Squirrel,9a01792b
Crow,83abc8df
Squirrel,9c34c79e
Dragon,0b3364cb
Squirrel,1df050ee
Cat,4b9e0e16
Pelican,1adebbb6
Stork,a798cac2
Spider,533b28b9
SeaLion,1179b8df
Alligator,d9339dfd
Bat,8bede531
Goose,92690d8c
Squirrel,53750416
Lynx,bd34350a
Elephant,6a6f8587
Bat,900615c6
Opossum,1adebbb6
Alligator,78c9684a
Parrot,bab44cd0
Opossum,ad1b0612
Crow,0dfcba5b
Alligator,ed991262
Alligator,f7c10fa4
Alligator,fb3857ee
Elephant,f6063dbe
Opossum,36177d01
Opossum,2e88850d
Alligator,5269f8df
Alligator,8cef4972
Bat,52f9e8f8
Elephant,f458e5d9
Crow,2c216fbe
Lion,7d4fb9b8
Chimpanzee,05d49b6e
Otter,11e6f80c
Owl,05d49b6e
Catfish,9b814808
Bat,585dbb66
Catfish,83abc8df
Elephant,28902690
Elephant,a942f24a
Elephant,062c6f16
Lynx,e78b3756
Catfish,db2e3c4d
Wallaby,34589764
Catfish,f1332011
Parrot,af3422b4
Cheetah,6cd25403
Parrot,05d49b6e
Goose,aac4b4e2
Parrot,9c9baa96
Parrot,b7d3925c
Parrot,807d2656
Elephant,9dbb3a0a
Duck,4cf9d6b5
Duck,e60c929b
Chipmunk,e8674b15
Chipmunk,56b309ad
Duck,ce9aa524
Elephant,ccb42f56
Elephant,53e76eaf
Elephant,7bc5b349
Wallaby,907dbeb9
Wallaby,ec1a5c24
Crow,11e6f80c
Tortoise,199ecb03
Parrot,bb21c015
Parrot,68c21891
Crow,05d49b6e
Catfish,0eb59294
Wallaby,1019e533
Goose,0c968ae1
Wallaby,b64548da
Wallaby,b0222e87
Wallaby,ef070eb9
Wallaby,1fa83064
Wallaby,d3f946f1
Wallaby,8b99e39f
Wallaby,6ea85f80
Lizard,6fa80213
Wallaby,d0a0c107
Wallaby,9.22E+24
Elephant,7e07ff38
Wallaby,8de06860
Cheetah,8defa425
Bat,ab1a9d0d
Bat,1553ffba
Opossum,8fa25819
Pelican,ea4945ab
Dolphin,418b88bf
Anaconda,cf845f86
Goose,732884cf
Goose,bab44cd0
Dolphin,e737db7b
Cheetah,dede665f
Dolphin,90d2eb43
Crow,bd34350a
Parrot,99979a85
Anaconda,c76ba722
Dolphin,250dffde
Dolphin,520a331f
Dolphin,710fe5d4
Goose,6c3c0dac
Goose,9dbb3a0a
Bear,8afcaa6f
Porcupine,1553ffba
Dolphin,088e3b4a
Owl,e78b3756
Parrot,371aeebc
Dolphin,5e1d92c5
Duck,427ae53e
Dolphin,9a931f87
Anaconda,05d49b6e
Eagle,7dedb416
Camel,ba69b55e
Opossum,f6063dbe
Camel,9480bd7f
Cheetah,1e286664
Camel,24b23c83
Shark,b958eae1
Camel,418b88bf
Camel,081867c5
Shark,46c25adf
Wallaby,9cf0aa4d
Camel,b8cf806b
Camel,18e5836d
Camel,4cf9d6b5
Pelican,e78b3756
Chimpanzee,c95ddb2a
Shark,930fed80
Shark,5c72c8ec
Camel,43952b99
Crow,ad1b0612
Camel,86455563
Camel,cc55b3e8
Camel,c98ed48f
Camel,6853ef0e
Camel,03ad6912
Camel,d0724d99
Tortoise,10a430db
Camel,b62d560f
Cheetah,010c5c5b
Cat,33fbd1c1
Crow,6c3c0dac
Camel,69441f97
Dragon,d233b929
Goose,1adbd989
Wallaby,a3a4c956
Camel,60cb347e
Anaconda,5f7bb616
Antelope,2157441b
Badger,3d44219c
Camel,cc6aa764
Camel,cdb2441f
Camel,fa2502ea
Camel,c0c789a3
Antelope,0dfcba5b
Camel,ac48185f
Camel,907dbeb9
SeaLion,a19caea9
SeaLion,81997ec9
Parrot,c6221ada
Catfish,2a166786
Catfish,9.22E+24
Cheetah,0dfcba5b
Catfish,8defa425
Catfish,b0222e87
Wallaby,bab44cd0
Catfish,47af9653
Camel,3ef56a6e
Caribou,f93ae8f4
Cheetah,43197652
Camel,bf30d413
Camel,f6384b6b
Camel,61ef1a80
Catfish,5fff124e
Porcupine,b8fbc184
Camel,2427acb5
Camel,24a7379c
Opossum,1446954b
Alpaca,b0222e87
Alpaca,4819c3b9
Alpaca,a6980d15
Bat,90987531
Otter,15fd6105
Otter,5aa61527
Alpaca,9.22E+24
Catfish,a03dee70
Anaconda,db2e3c4d
Antelope,5522bb42
Antelope,d233b929
Catfish,562a62af
Baboon,486ad958
Anaconda,6573cab5
Baboon,bdaa93ab
Alligator,55d85661
Alligator,d8d560a7
Cat,ea52dc54
Opossum,11e6f80c
Swan,251ef924
Baboon,520a331f
Porcupine,1adbd989
Cheetah,6d1468d9
Alpaca,90300ef0
Alpaca,1adbd989
Alpaca,f01ab038
Catfish,c0999a78
Alligator,ea230dfb
Elephant,d5dfa52b
Catfish,6d407f5f
Bat,26567bff
Catfish,ebc19400
Alligator,ea52dc54
Hyena,58799890
Hyena,bab44cd0
Otter,2e88850d
Dragon,8defa425
Catfish,aff25b6c
Squirrel,0c0910b7
Alligator,53e0aa3d
Elephant,26567bff
Snake,11f79be5
Rat,df194379
Rat,062c6f16
Elephant,2375ebe1
Elephant,7e754c47
Lemming,fde42a07
Snake,d644763e
Rat,622f4d27
Rat,26567bff
Owl,bab44cd0
Cow,ab1a9d0d
Cow,05d49b6e
Anaconda,d0181074
Tortoise,fa5c85e9
Cheetah,b352a57b
Caribou,3fd9d0b6
Alligator,75d2421e
Alligator,2015b084
Alligator,2bc9a373
Alligator,020fa5b5
Alligator,ca6475b3
Alligator,bcc5902d
Rat,45b76389
Lizard,69e0f454
Rat,46c25adf
Wallaby,05f6aae9
Caribou,73da9276
Tortoise,66d07727
Catfish,2dcd9c29
Snake,abed159d
Anaconda,c70c2333
Catfish,60868da2
Anaconda,0dfcba5b
Cheetah,574a64c1
Chimpanzee,e78b3756
Anaconda,83abc8df
Anaconda,9b814808
Squirrel,0b16f45b
Catfish,9de7ee31
Anaconda,2cb22cd0
Rat,4.60E+16
Hyena,e492478a
Wallaby,8ede349d
Lizard,2a8413f7
Tortoise,26c61f93
Elephant,ba8ac4cd
Squirrel,46c25adf
Hyena,837efc36
Hyena,ed8249de
Catfish,9866f226
Catfish,6b6676d1
Catfish,8e815235
Anaconda,b64548da
Rat,4be584a3
Alligator,268d6b89
Alligator,4dd52279
Rat,ad59018d
Lynx,0dfcba5b
Rat,3a80e0ba
Lynx,8de06860
Pig,b7d3925c
Rat,7e754c47
Rat,24b23c83
Rat,d36882d6
Wallaby,30ba6eee
Rat,2375ebe1
Cat,ac687a41
Cat,e232cff3
Cat,a00b4e39
Cat,11ac7df3
Armadillo,05d49b6e
Peacock,3216905
Cheetah,a7ced614
Bat,c8302446
Bat,5140f104
Bat,255b965a
Bat,fbb73104
Bat,0f1122eb
Bat,12a52803
Bat,227cabc1
Bat,255b965a
Lynx,4a06504f
Bat,0ac3bb3a
Opossum,ea4945ab
Bat,590f0419
Caribou,06c35642
Opossum,2d59255d
Ant,46c3354b
Snake,e26ed971
Rat,00a336e3
Cougar,b0222e87
Rat,30a5fcd4
Cougar,4819c3b9
Cougar,d491f491
Cougar,42bea483
Cougar,dc03ab1d
Cougar,fe9e887f
Cougar,c1e14d01
Cougar,590a9793
Pig,af6e9dd4
Bat,2897c3d3
Elephant,3a80e0ba
Lynx,b64548da
Alpaca,2047269f
Rat,b2346129
Cougar,001fed74
Cougar,b54c467b
Cougar,590f0419
Elephant,6c3c0dac
Cougar,e492478a
Elephant,99b681a6
Bat,f4d9e178
Bat,e0710c56
Shark,418b88bf
Cheetah,c6221ada
Cheetah,c52c93e1
Porcupine,17955cda
Elephant,5cd31e67
Bat,a5d3606e
Wallaby,f8cede3f
Rat,05ca61f8
Opossum,bd34350a
Parrot,6a93df2f
Elephant,c8741b2d
Cougar,9.22E+24
Bat,b96ff230
Cat,c085f491
Cat,68d64a90
Cat,c9108d5d
Catfish,b55d6e48
Camel,b4895886
Elephant,e2be10e5
Cheetah,53ff426b
Pelican,aae9f4a3
Anaconda,aae9f4a3
Elephant,0200b9b0
Otter,b55d6e48
Duck,6b6676d1
Goose,06c35642
Bat,d35509b1
Lynx,178d0eff
Elephant,0a0024c0
Elephant,7123ae97
Bat,fcd94378
Goose,f8cf9228
Goose,3c2e02ab
Snake,e7fc8f2a
Tortoise,a5476501
Lion,af3422b4
Anaconda,9.65E+05
Lynx,b55d6e48
Fox,96d811b1
Otter,47af9653
Pelican,0dfcba5b
Spider,df138bd7
Elephant,2f42de30
Elephant,a3827f06
Elephant,d58ce262
Elephant,dd951a89
Elephant,8d15fc3b
Otter,01634fcc
Tortoise,e382f4ea
Tortoise,8fa67118
Otter,6d407f5f
Otter,2e8d942f
Otter,5bfdd1a7
Otter,06cf18fd
Otter,6e39500e
Otter,bbc26409
Bat,83abc8df
Rat,eef75695
Otter,d4c71c4d
Opossum,06cf18fd
Otter,6a2deb10
Otter,406c5497
Cougar,e0710c56
Elephant,2c02f2bb
Cougar,e737db7b
Snake,e5110456
Snake,b64548da
Cougar,444dcc63
Dragon,eeb7144e
Pelican,c9e08828
Pelican,7d746e32
Pelican,e70f9af1
Pelican,4206adb4
Pelican,ea1e922a
Pelican,ce7b9033
Kangaroo,ba60f5fd
Dragon,7ec87851
Dragon,b55d6e48
Dragon,37ceb207
Cougar,012b7a77
Pelican,732884cf
Snake,e46364e9
Cougar,a5d3606e
Camel,926dc735
Cougar,74c5a30b
Snake,e40df480
Cougar,f4d9e178
Goose,143e53f2
Porcupine,19dd82fc
Cougar,ab1a9d0d
Snake,28473770
Otter,b64548da
Otter,f447c3b5
Otter,9d1cce77
Otter,77207a8a
Otter,f708fb77
Otter,ea1c3e3a
Otter,e433d890
Otter,e70f9af1
Pelican,f447c3b5
Pelican,70eb386d
Pelican,d43ef532
Pelican,ea1c3e3a
Rat,b55d6e48
Cougar,fe748a7e
Camel,b6be30d4
Camel,b54c467b
Bat,0f7eb010
Snake,d0a0c107
Eagle,79ed61f4
Eagle,e2c9e1b1
Eagle,f9db764d
Eagle,29188425
Eagle,15afa9bd
Eagle,f7613fc0
Eagle,30329003
Eagle,f4a247d1
Eagle,74061f14
Eagle,f3717893
Eagle,d33ba5f5
Eagle,d8d560a7
Eagle,53e0aa3d
Eagle,1d106fdb
Snake,907dbeb9
Pelican,8bede531
Pelican,8616683f
Elephant,268e1e9b
Tortoise,64bc9324
Pelican,8e6c4a30
Elephant,1f2b1031
Pelican,87b3529a
Snake,732884cf
Spider,6a93df2f
Bat,2f63aeb3
Pelican,2e8d942f
Tortoise,1446954b
Spider,5326bf20
Elephant,937f019a
Spider,a2d3a48e
Snake,06cf18fd
Otter,0a5e3792
Pelican,26567bff
Spider,35cc0604
Spider,a5c2d56a
Pelican,acc196c7
Elephant,4e3e9664
Pelican,d4c71c4d
Bat,6fa80213
Dragon,32c56f52
Ferret,6a93df2f
Snake,b55d6e48
Snake,0bfd8bf3
Porcupine,ce8ed5fe
Squirrel,6a93df2f
Porcupine,82d262d2
Snake,8de06860
Spider,7a2f1483
Rat,6a93df2f
Elephant,0f7eb010
Otter,0c968ae1
Rat,24934625
Rat,bc3bd03b
Lynx,83abc8df
Tortoise,0dfcba5b
Rat,e53f3b69
Rat,3e00320f
Rat,a651ecf7
Tortoise,83abc8df
Tortoise,9b814808
Baboon,42d56479
Owl,b55d6e48
Baboon,5cd01c04
Tortoise,6a93df2f
Elephant,e6fc59bd
Peacock,036bb310
Bat,6a93df2f
Elephant,aa07d3e0
Peacock,bd0e72db
Bat,b55d6e48
Dragon,7ced0481
Peacock,cf317940
Peacock,90e3bab9
Tortoise,7e806795
Baboon,c3d3a2d8
Rat,0dfcba5b
Peacock,dbe3fdfb
Baboon,a1092262
Otter,732884cf
Porcupine,05ca61f8
Peacock,b0222e87
Peacock,9.22E+24
Rat,d4c71c4d
Rat,9b814808
Porcupine,b753a874
Antelope,9cb57520
Porcupine,ba61706a
Goose,930c865e
Rat,ab1a9d0d
Cougar,78f84405
Rat,d233b929
Peacock,e737db7b
Rat,83abc8df
Rat,aff25b6c
Goose,06cf18fd
Porcupine,cfd9ab3f
Peacock,e86cf63c
Peacock,78f84405
Rat,cafc3e59
Rat,937f019a
Rat,37f64554
Rat,199ecb03
Porcupine,2fb38e31
Lynx,e5110456
Lynx,b0222e87
Spider,004ac71d
Rat,8f5ac4b3
Antelope,8de06860
Baboon,4b36cf64
Rat,9ef0fcc3
Cheetah,9319098d
Rat,27aaafdb
Rat,1eb2bb18
Rat,5269f8df
Cougar,920e1d2b
Rat,2330851f
Pelican,90529b54
Rat,1adebbb6
Rat,c7ec58ee
Porcupine,5bb99dd5
Antelope,b64548da
Antelope,4c543835
Cheetah,544cde2c
Antelope,ef070eb9
Antelope,8b99e39f
Snake,cc6b5dde
Badger,f447c3b5
Badger,7d136084
Elephant,744a801b
Rat,209209d0
Catfish,4b5f9789
Catfish,1957befb
Rat,d77cd844
Chipmunk,ab1a9d0d
Chipmunk,1553ffba
Squirrel,1a121737
Catfish,6c581fb9
Bat,6203a039
Catfish,3f90f306
Catfish,5d60fc24
Catfish,a0cdedea
Rat,6ecf9a30
Baboon,c13af077
Pelican,f3aeb28c
Catfish,f93e5543
Rat,732884cf
Baboon,e53f3b69
Rat,4206adb4
Rat,9.22E+24
Baboon,6b919d35
Baboon,d5bb8139
Lion,6259d56e
Badger,ab1a9d0d
Baboon,1705bf2d
Badger,eb2efb28
Rat,a275cc2d
Badger,1eb2bb18
Rat,f1c65b3b
Pig,af3422b4
Pig,e78b3756
Rat,d5e5c5a1
Snake,56a3af64
Catfish,efd0c8fc
Catfish,03d96f9d
Catfish,52c48366
Catfish,c6221ada
Pelican,2f81d8fb
Elephant,cc017d7a
Baboon,00a336e3
Rat,9f69887e
Rat,43952b99
Catfish,55e06e42
Rat,c6221ada
Lemming,ad8db43d
Catfish,e857a4f9
Snake,baf11df8
Rat,70cb7697
Anaconda,baf11df8
Baboon,a96ec92b
Baboon,93a0e89b
Baboon,f3717893
Baboon,1667ad80
Baboon,9351c711
Armadillo,99979a85
Baboon,01d3ad7d
Baboon,add20b26
Baboon,817dbd5a
Baboon,4e3b3647
Catfish,1df050ee
Cat,482ed7c1
Rat,05d49b6e
Snake,8b99e39f
Porcupine,1dc6e125
Rat,0e8108a2
Rat,aac4b4e2
Cougar,23d8de0a
Porcupine,abed159d
Porcupine,77792afe
Rat,6352cd26
Ferret,05d49b6e
Cheetah,f1df5079
Squirrel,a7458823
Lynx,70cb7697
Lemming,9.22E+24
Lemming,2a166786
Dragon,bde6f8a4
Baboon,6410f825
Lemming,70cb7697
Bat,5841779b
Baboon,3562e4f4
Catfish,68543b1d
Lynx,a275cc2d
Badger,2a166786
Eagle,0dfcba5b
Dragon,162d6d2e
Spider,8a98a5df
Badger,0dfcba5b
Eagle,0d0eaeb0
Rat,28398f91
Catfish,b540e551
Alligator,fbcba095
Alligator,ac687a41
Spider,93b8a971
Duck,162d6d2e
Rat,942bd4ac
Rat,d7f92336
Pelican,6c3c0dac
Lion,e4df3efb
Squirrel,53f9abc3
Baboon,05d49b6e
Lynx,d8a980b0
Dragon,ea1e922a
Rat,068f5a2b
Opossum,0dfcba5b
Cow,e78b3756
Cow,162d6d2e
Lynx,efd0c8fc
Anaconda,61b5e685
Catfish,72270392
Opossum,907dbeb9
Rat,458bf154
Catfish,66915255
Bear,9e7cba23
Catfish,13efdcd1
Tortoise,c8dbc21c
Tortoise,e46364e9
Tortoise,9cf0aa4d
Tortoise,d3f946f1
Tortoise,b64548da
Catfish,bbd9832e
Baboon,46c25adf
Catfish,c5dbbd49
Cougar,2f12d6e8
Elephant,e9d205c4
Snake,2f7230cc
Alligator,2e88850d
Lynx,af3422b4
Hyena,18cdabfe
Dragon,084c116e
Pelican,40a9057f
Opossum,3d1a3a68
Rat,2f81d8fb
Alligator,2d59255d
Alligator,dad339b7
Alligator,b138a085
SeaLion,b7d3925c
Lizard,6c3c0dac
Baboon,6b4a86a9
Catfish,418fb794
SeaLion,24b23c83
Catfish,3a534104
Antelope,baf11df8
Pelican,8b990fa0
Lynx,db2e3c4d
Ferret,b70c02d1
Squirrel,e4df3efb
Pelican,55af7094
Caribou,6c8f8b09
Rat,55af7094
Rat,e7674309
Rat,2a166786
Rat,5ed3edb2
Rat,9b298f70
Rat,eb47edf6
Caribou,10d11909
Alligator,ad1b0612
Baboon,18a21a50
Alligator,bd34350a
Baboon,ac42523a
Baboon,99128abc
Baboon,244fdd9b
Baboon,1.06E+13
Baboon,0dfcba5b
Baboon,83abc8df
Spider,5b7468a3
Baboon,b39a4ac9
Baboon,b7d3925c
Bat,46c25adf
Spider,84dc8e6e
Tortoise,efd0c8fc
Tortoise,f62f4689
Baboon,9b814808
Baboon,280cdd94
Tortoise,8de06860
Elephant,d14de1cf
Elephant,4552c302
Rat,7ab1666e
Cheetah,aeb78340
Cheetah,b1ac772b
Baboon,f1332011
Cheetah,577edb0a
Cow,18cdabfe
Cheetah,244fdd9b
Rat,ced02d4d
Cheetah,8ea05b74
Cheetah,a5c2d56a
Cheetah,200d5b8e
Tortoise,63667ee2
Cheetah,1705bf2d
Cheetah,0b8a8c22
Cheetah,5ddd57aa
Swan,9a3abf29
Lizard,45390b43
Cheetah,72ad9ca4
Cheetah,063385f1
Lizard,f62f4689
Snake,cf845f86
Cheetah,8556becd
Cheetah,2decdd81
Cheetah,09d76f58
Cheetah,49c3fea8
Cheetah,aa8860f0
Bat,8f83fffd
Lizard,8de06860
Lizard,d0a0c107
Elephant,c9108d5d
Tortoise,e5ec3d03
Elephant,efbd3cbd
Elephant,f2e80442
Cheetah,ebcd5d6b
Tortoise,e40df480
Cheetah,f432f2e5
Catfish,6c3c0dac
Cheetah,8627228c
Rat,b4b7f8e3
Rat,8912de09
Snake,a9157bfb
Rat,650a1b44
Cougar,46c25adf
Cheetah,86f15b7e
Cheetah,5b0485f7
Cheetah,fcd94378
Cheetah,00a45050
Snake,e9e8c235
Cheetah,01601fb8
Cheetah,99ae2c66
Baboon,d53318a2
Cheetah,57d79cb6
Rat,a4056710
Rat,a6a3c430
Rat,4a06504f
Dragon,0175a7cc
Rat,b64548da
Rat,61b5e685
