Dragon,4.43E+06
Parrot,4.43E+06
Lion,4936802
Bison,7178526
Pelican,11442107
Fox,12913153
Alligator,16458884
Cat,29188425
Alligator,41413592
Sheep,41987342
Alligator,42729857
Bison,44325720
Hare,48705197
Rat,48705197
Parrot,48705197
Anteater,55626620
Lizard,57031217
Bat,63311371
Ant,7.10E+07
Opossum,7.10E+07
Cat,78139840
Anteater,87313894
Ant,88782130
Sheep,99386204
Lizard,99386204
Fox,99386204
Opossum,99386204
Beaver,99386204
Anaconda,99386204
Armadillo,99386204
Cat,99386204
Rat,99386204
Tortoise,99386204
Lemming,99386204
Anteater,99386204
Elephant,99386204
Dog,99386204
Lion,99386204
Lynx,99386204
Raven,99386204
Owl,99386204
Crow,99386204
Otter,99386204
Albatross,99386204
Hare,99386204
Parrot,99386204
Badger,99386204
Bear,99386204
Alligator,99386204
Snake,99386204
Dragon,99386204
Swan,99386204
Magpie,99386204
Goose,99386204
Aardvark,99386204
Crane,99386204
Baboon,99386204
Pelican,99386204
Squirrel,99386204
Porcupine,99386204
Alpaca,99386204
Bat,99386204
Lemming,9.90E+09
Elephant,9.90E+09
Lizard,9.90E+09
Rat,4.60E+16
Beaver,9.37E+22
Cat,9.37E+22
Fox,9.22E+24
Beaver,9.22E+24
Cat,9.22E+24
Dog,9.22E+24
Elephant,9.22E+24
Sheep,9.22E+24
Alligator,9.22E+24
Lion,6.67E+40
Cat,6.67E+40
Elephant,9.60E+47
Alligator,9.60E+47
Cat,3.21E+213
Hare,3.21E+213
Bat,0006b164
Cat,007c38bc
Otter,00af362c
Dog,010bedad
Rat,01c4393b
Alligator,01ed4161
Dog,01f68bb6
Bison,0277b89c
Elephant,02e1f19e
Dog,02e1f19e
Snake,02e1f19e
Sheep,02e1f19e
Cat,037f6782
Badger,03a50fd9
Alligator,03ebc975
Alligator,051ebe0d
Elephant,05606bd4
Cat,05ca61f8
Dog,05ca61f8
Magpie,05ca61f8
Lizard,05ca61f8
Elephant,05ca61f8
Tortoise,05ca61f8
Cat,05d49b6e
Goose,05d49b6e
Squirrel,05d49b6e
Anteater,05d49b6e
Lynx,05d49b6e
Alligator,05d49b6e
Lemming,05d49b6e
Lizard,05dc1d1a
Goose,05dc1d1a
Anteater,05dc1d1a
Tortoise,05dc1d1a
Dog,05dc1d1a
Wallaby,05e79346
Lizard,05f825e9
Ant,05f825e9
Tortoise,05f825e9
Otter,062c6f16
Hare,062c6f16
Cat,062c6f16
Alligator,062c6f16
Elephant,062c6f16
Rat,062c6f16
Lizard,062c6f16
Parrot,062c6f16
Opossum,0694f8bc
Beaver,06cf18fd
Baboon,06cf18fd
Anteater,06cf18fd
Bat,077efcd3
Spider,078483de
Baboon,07f89d97
Opossum,0824636d
Cat,084c116e
Bison,08f1cc3d
Alligator,0a04f216
Opossum,0a1d86d7
Dog,0a1d86d7
Elephant,0a1d86d7
Lemming,0a608cad
Pelican,0a961775
Raven,0ae308df
Ant,0aeb9f6f
Sheep,0b05c3ce
Beaver,0b154726
Elephant,0b154726
Alligator,0b154726
Alligator,0c47965d
Elephant,0cff471c
Opossum,0d043e78
Raven,0d68f7bb
Mongoose,0dce7dee
Otter,0dfcba5b
Elephant,0dfcba5b
Lemming,0dfcba5b
Alligator,0dfcba5b
Albatross,0dfcba5b
Dog,0dfcba5b
Anaconda,0dfcba5b
Rat,0dfcba5b
Goose,0dfcba5b
Anteater,0dfcba5b
Armadillo,0dfcba5b
Parrot,0dfcba5b
Goose,0e8108a2
Hare,0ea8d056
Rat,0ea8d056
Badger,0ea8d056
Cat,0ea8d056
Lion,0ea8d056
Parrot,0ea8d056
Opossum,0edcf84c
Ant,0fea11b3
Sheep,102558db
Anaconda,102d89ee
Opossum,108aebf5
Badger,108aebf5
Badger,10bfbb5d
Bat,1144b742
SeaLion,1179b8df
Badger,11941cdf
Cat,11e489ef
Rat,11e6f80c
Alligator,133a97ab
Alligator,141d9b4c
Lion,1446954b
Cat,1446954b
Sheep,1446954b
Anaconda,1446954b
Bat,144c5cbf
Alligator,14a57f41
Cat,15188aea
Ant,153a4990
Ant,1558b26b
Bat,159a1e85
Cat,15afa9bd
Cat,15b9aa07
Bear,15ceedb8
Lizard,15d6aa85
Rat,161116ed
Cat,161116ed
Dragon,16cabb22
Alpaca,179250b9
Anaconda,17a220c5
Beaver,17ec27cd
Badger,1809ec34
Snake,183cc668
Rat,183cc668
Dog,183cc668
Alligator,18986a0a
Cat,189fd0fc
Badger,199ecb03
Bear,199ecb03
Cat,1a8b24fc
Beaver,1adbd989
Goose,1adbd989
Cat,1b2b4fb9
Rat,1b2b4fb9
Anaconda,1b4a55e3
Rat,1b4a55e3
Bat,1b4a55e3
Dog,1b4a55e3
Lizard,1b4a55e3
Elephant,1b4a55e3
Opossum,1b4a55e3
Bear,1b4a55e3
Tortoise,1b4a55e3
Alligator,1b52d1f9
Alligator,1b7ca443
Dog,1bb2d89e
Cat,1c1f2657
Hare,1c1f2657
Rat,1c1f2657
Parrot,1c1f2657
Crow,1c842bc5
Squirrel,1d3ae801
Bat,1d87a369
Opossum,1dffe758
Alligator,1e3e1fb0
Elephant,1e5562a0
Alligator,1e5562a0
Bison,1ec5b87f
Spider,1ec90613
Elephant,1f128a98
Opossum,2015b084
Elephant,2045e778
Beaver,20dae550
Baboon,20dae550
Alligator,21d5e04c
Otter,220146eb
Baboon,220881de
Lizard,2245372e
Rat,228f2c58
Pelican,228f2c58
Anaconda,228f2c58
Rat,2330851f
Cat,2330851f
Fox,2371ba52
Lion,237c58cd
Parrot,23d8de0a
Elephant,23f03d45
Raven,2459558e
Alligator,24a6bffd
Bison,256d913d
Wallaby,25bc5684
Cat,25f2c1cd
Cat,2607fe67
Hare,2607fe67
Rat,2607fe67
Badger,2607fe67
Parrot,2607fe67
Lion,2607fe67
Elephant,261e49a0
Alligator,261e49a0
Ant,267d8292
Alligator,268e1e9b
Rat,275176b0
Cat,275176b0
Parrot,275176b0
Cat,27dcabdf
Rat,27dcabdf
Badger,27dcabdf
Hare,27dcabdf
Lion,27dcabdf
Parrot,27dcabdf
Anaconda,27ffdf58
Bat,27ffdf58
Dog,27ffdf58
Ant,27ffdf58
Lizard,27ffdf58
Elephant,27ffdf58
Opossum,27ffdf58
Bear,27ffdf58
Tortoise,27ffdf58
Albatross,280cdd94
Baboon,28398f91
Elephant,285e22f6
Bat,2897c3d3
Bison,28f5eb97
Elephant,2930bd52
Lynx,2983f19f
Cat,2a166786
Fox,2a166786
Dog,2a166786
Sheep,2a166786
Anaconda,2a166786
Elephant,2a166786
Alligator,2a166786
Bear,2a8413f7
Opossum,2cbc506e
Sheep,2d014a26
Cat,2d363b8c
Elephant,2d363b8c
Cat,2d59255d
Rat,2d59255d
Lion,2d59255d
Alligator,2dbace2f
Cat,2e625ce2
Alligator,2e85561a
Cat,2e88850d
Rat,2e88850d
Badger,2e88850d
Lion,2e88850d
Sheep,2f0a88a2
Bat,2f63aeb3
Albatross,2f81d8fb
Armadillo,2f81d8fb
Hare,2f874ab6
Rat,2f874ab6
Badger,2f874ab6
Lion,2f874ab6
Cat,2f874ab6
Parrot,2f874ab6
Porcupine,2fb38e31
Pelican,30a5fcd4
Magpie,30a5fcd4
Cat,30a5fcd4
Dragon,30a5fcd4
Bat,30a5fcd4
Ant,30a5fcd4
Elephant,30a5fcd4
Albatross,30a5fcd4
Cat,30f3ef48
Cat,32be46d3
Parrot,32e2fc44
Bison,330090fc
Lizard,3393e94a
Squirrel,3400cce3
Lion,3400cce3
Crow,3400cce3
Dog,3400cce3
Anteater,3400cce3
Cat,3400cce3
Magpie,3400cce3
Goose,3400cce3
Raven,3400cce3
Wallaby,3400cce3
Sheep,3400cce3
Bear,3400cce3
Anaconda,3400cce3
Pelican,3400cce3
Snake,3400cce3
Badger,3400cce3
Hare,34b480a3
Cat,3570b72d
Bat,35fa12f4
Cat,36177d01
Anteater,365f3928
Dog,370deaff
Crane,372f4f00
Bison,3738b4f8
Hare,381274a9
Rat,381274a9
Badger,381274a9
Cat,381274a9
Lion,381274a9
Parrot,381274a9
Cat,385030ac
Antelope,387a2cab
Bat,391cf0fb
Alligator,394273b1
Opossum,396f0142
Bat,3a80e0ba
Opossum,3a80e0ba
Opossum,3a82a156
Raven,3a82a156
Bat,3a82a156
Cat,3aaddee6
Opossum,3ab3bece
Porcupine,3b259bf7
Dog,3b259bf7
Bison,3b5e3dc5
Bear,3b9b9c07
Opossum,3bb0ef1f
Albatross,3bb0ef1f
Deer,3c7ddb06
Cat,3c8e1064
Lizard,3c9dde4c
Lion,3ca6d7aa
Squirrel,3cd8deed
Opossum,3ce5b756
Opossum,3d18c2a9
Otter,3d20382c
Opossum,3d230e47
Rat,3d70a8a3
Squirrel,3da215c5
Opossum,3dcfea34
Anteater,3e566459
Otter,3edf73fc
Pelican,3edf73fc
Alligator,3f0d1c6a
Cat,3f27f08a
Hare,3f27f08a
Badger,3f27f08a
Lion,3f27f08a
Parrot,3f27f08a
Hare,3f4bd902
Hare,3f4bd902
Bison,4082564e
Alligator,40926fdd
Dragon,40926fdd
Dog,40a9057f
Wallaby,40b81c33
Bat,411a35cb
Beaver,424468ef
Dog,425bde3e
Fox,427ae53e
Cat,427d9278
Wallaby,4285f0b1
Cat,433ddae6
Eagle,4359743a
Elephant,43952b99
Alligator,43952b99
Elephant,43aeb8e1
Pelican,44b25cff
Alligator,45390b43
Anteater,458bf154
Bat,459e147e
Alligator,465d5e74
Magpie,46ae0a18
Cat,46c25adf
Badger,46c25adf
Anteater,46c25adf
Albatross,46c25adf
Alligator,46da60c0
Opossum,470ffff0
Fox,47af9653
Rat,47ed3cdc
Otter,48122d69
Snake,48122d69
Fox,4819c3b9
SeaLion,4819c3b9
Cat,482ed7c1
Bison,4836d78b
Albatross,485f1870
Armadillo,48a15305
Cat,498c3a30
Elephant,49e959a8
Alligator,49e959a8
Lion,4a4f8bfe
Wallaby,4b6044ee
Dog,4b660f89
Alpaca,4b849efe
Parrot,4b886f75
Badger,4b886f75
Cat,4b886f75
Alligator,4c03c62a
Cat,4c29524c
Otter,4c29524c
Opossum,4c40158a
Cat,4ca3f9ac
SeaLion,4ca3f9ac
Goose,4cfa8092
Elephant,4cfa8092
Alligator,4cfa8092
Dog,4cfa8092
Goose,4d911491
Cat,4dbef7fb
Beaver,4dbef7fb
Dog,4dc55fea
Anteater,4dc6f62e
Alligator,4dd52279
Elephant,4dd52279
Anteater,4dd52279
Bat,4e18ecf2
Opossum,4e267f1c
Alligator,4e9e4a24
Elephant,4e9e4a24
Elephant,4ead76d3
Wallaby,4f6aa954
Otter,4f958916
Ant,4fe8de38
Anaconda,4fe8de38
Bear,4fe8de38
Elephant,4fe8de38
Rat,4fe8de38
Dog,4fe8de38
Tortoise,4fe8de38
Lizard,4fe8de38
Bat,4fe8de38
Opossum,4fe8de38
Rat,4fe8de38
Magpie,4fe8de38
Dog,500f8b68
Lion,513d1c3e
Alligator,514005f1
Opossum,51aa74d8
Rat,51aa74d8
Lizard,5269f8df
Cat,52b3060b
Rat,52b3060b
Rat,52b3060b
Hare,52b3060b
Hare,52b3060b
Parrot,52b3060b
Lion,52b3060b
Cat,52b3060b
Bat,52f9e8f8
Owl,531d2fe5
Spider,533b28b9
Opossum,533b28b9
Alligator,534e8423
Alligator,5370c655
Cat,537c6a14
Cat,5398cfb7
Alligator,53bca4ae
Lemming,53cd88eb
Rat,54793fe7
Porcupine,54d49997
Bat,552b872f
SeaLion,55eec7af
Cat,55f9e033
Anaconda,57509bc8
Cat,575b9112
Ant,5841779b
Squirrel,5841779b
Lion,5841779b
Lizard,5841779b
Crow,5841779b
Wallaby,5841779b
Sheep,5841779b
Albatross,5841779b
Bat,5841779b
Ant,5855d7e1
Otter,585dbb66
Bat,585dbb66
Parrot,58a814d3
Lion,58a814d3
Elephant,58d5baee
Bison,5a12d124
Bison,5a12d124
Bison,5a24490a
Alligator,5a9418d2
Elephant,5a9418d2
Anteater,5aabfff2
Bison,5af3668e
Lemming,5af72602
Badger,5afbbab3
Wallaby,5b5259c7
Alligator,5b62e079
Cat,5bb74c20
Opossum,5bf56fe5
Elephant,5bf56fe5
Raven,5c238ca5
Opossum,5ccbf351
Badger,5ccbf351
Ant,5cf4fdf4
Opossum,5cf4fdf4
Elephant,5d60fc24
Alligator,5d60fc24
Cat,5d84d1db
Alligator,5da4b5ca
Alligator,5ebd547f
Wallaby,5f4611c0
Elephant,5f963afe
Ant,600a9068
Opossum,600a9068
Opossum,600c6ace
Bison,6038193d
Cat,60bf11c2
Opossum,60cb347e
Bat,6109b592
Rat,6172de84
Alligator,61750d86
Opossum,61ef1a80
Opossum,61f155f7
Cat,61fa696c
Elephant,61fa696c
Cat,62018f6e
Tortoise,621bf4e8
Alligator,621bf4e8
Dog,622f4d27
Lizard,622f4d27
Magpie,622f4d27
Raven,622f4d27
Bear,622f4d27
Anaconda,622f4d27
Pelican,622f4d27
Snake,622f4d27
Badger,623c86f5
Anteater,6373d4e4
Magpie,6373d4e4
Eagle,63df4983
Ant,647fc3e8
Alligator,6484f83b
Parrot,64b1fc93
Badger,64b1fc93
Parrot,65d3f466
Badger,65d3f466
Eagle,6607af00
Opossum,661ea884
Cat,66e575c0
Snake,66fbc79e
Elephant,6700ca6b
Alligator,6700ca6b
Raven,678ce847
Dog,67c6eb83
Porcupine,67c6eb83
Magpie,67c6eb83
Badger,67d3c1ba
Lizard,681da89f
Opossum,6853ef0e
Anteater,6864f1a8
Elephant,689b54dd
Bat,689b54dd
Rat,68adacb0
Lynx,68c8e3a1
Snake,68c8e3a1
Cat,68d64a90
Alligator,68e6c1fd
Alligator,691e1915
Cat,697fecf5
Parrot,69c4bf20
Alligator,6a5c0180
Hare,6a80981f
Hare,6a80981f
Anteater,6a80981f
Baboon,6a80981f
Armadillo,6a80981f
Parrot,6a80981f
Alligator,6ae3464a
Elephant,6ae3464a
Parrot,6b4a86a9
Dog,6b6676d1
Opossum,6b6676d1
Albatross,6b6676d1
Cat,6b919d35
Parrot,6bbb8aad
Hare,6bbb8aad
Elephant,6bf3b786
Alligator,6bf3b786
Hare,6c7ef02f
Badger,6c8f8b09
Albatross,6c8f8b09
Magpie,6c9b0924
Alligator,6cae22d6
Alligator,6cc996ba
Badger,6ce7bff5
Opossum,6d32fad6
Alligator,6d43a8d4
Cat,6d57177b
Opossum,6d77cc8b
Rat,6da5d5dd
Bison,6ddac39e
Alligator,6e357532
Cat,6e357532
Elephant,6e3d1062
Dog,6f345045
Cat,6f5b650a
Pelican,6f5b650a
Lizard,6f5b650a
Armadillo,6f636d94
Cat,6f788afe
Badger,700ae824
Hare,700ae824
Alligator,700ae824
Cat,700ae824
Parrot,700ae824
Alligator,7028f579
Cat,70b560bf
Alligator,70b560bf
Rat,70b560bf
Anteater,70f43c97
Bat,717ca829
Bear,71ca0275
Opossum,71ca0275
Opossum,722f879f
Bat,72b71589
Ant,72bbdba7
Elephant,72d4e08b
Alligator,72d4e08b
Elephant,7326ec4e
Opossum,733dad3f
Opossum,744fb93e
Armadillo,750ada0b
Anteater,75441dda
Anteater,75727bc3
Goose,765598fb
Squirrel,7665976b
Opossum,76cf491a
Elephant,77fe4307
Bison,782cc04c
Anteater,783bf3bb
Dog,7893bc29
Pelican,7894d373
Elephant,78c9684a
Alligator,78c9684a
Hare,78c9684a
Cat,78c9684a
Opossum,795555d2
Beaver,79a57f11
Cat,79a57f11
Owl,7af653ee
Whale,7b4b1424
Bison,7bac7021
Gecko,7bd8c519
Anteater,7c3bfc05
Baboon,7c3bfc05
Otter,7c453dd8
Tortoise,7d21497b
Cat,7dc7294b
Lizard,7de0e3f9
Bison,7df512cc
Alligator,7e165f33
Cat,7e406df1
Cat,7f81fc84
Lion,7f81fc84
Sheep,7fdf6ad5
Elephant,8000859b
Wallaby,8068b427
Cat,80f6ee1e
Cat,817dbd5a
Alligator,81b49b89
Opossum,833488d5
Squirrel,835e345b
Spider,837efc36
Dog,8387536a
Pelican,8387536a
Bat,8387536a
Rat,83a0a6ec
Otter,83abc8df
Raven,83abc8df
Goose,83abc8df
Anaconda,83abc8df
Elephant,83abc8df
Dragon,83abc8df
Magpie,83abc8df
Rat,83abc8df
Alligator,83abc8df
Dog,83abc8df
Anteater,83abc8df
Lemming,83abc8df
Elephant,83b85211
Alligator,83b85211
Elephant,846505b5
Alligator,846505b5
Anaconda,846505b5
Cat,84ca3d50
Badger,853f4a3d
Sheep,85b9e6d8
Bear,85bdc20a
Bison,865ec010
Elephant,871b8b67
Squirrel,87c708fa
Swan,87c708fa
Elephant,87df570d
Crane,8862cbc0
Cat,895eff10
Owl,8a167cb1
Parrot,8a167cb1
Rat,8a724e4e
Rat,8a724e4e
Cat,8a724e4e
Pelican,8afcaa6f
Anaconda,8afcaa6f
Alligator,8aff3325
Dog,8bede531
Anaconda,8bede531
Lizard,8bede531
Bat,8bede531
Rat,8c0b01bf
Rat,8c0b01bf
Cat,8c0b01bf
Parrot,8c2145ad
Ant,8cd58286
Opossum,8cd58286
Cat,8d417177
Spider,8d87f9e8
Opossum,8d9c82ef
Elephant,8e5096fa
Alligator,8e5096fa
Rat,8eaa0eac
Opossum,8efc7873
Cat,8fb96aa8
Elephant,8ffbb18e
Lynx,90529b54
Opossum,907dbeb9
Dog,907dbeb9
Elephant,907dbeb9
Elephant,907dbeb9
Alligator,907dbeb9
Alligator,907dbeb9
Bison,917ee971
Bat,9183bab7
Lizard,91b21dee
Bat,91dee7c7
Bison,920052ac
Wallaby,927dea08
Bison,92e992f5
Parrot,9302f4f0
Lion,9302f4f0
Beaver,930c865e
Bison,93498df3
Rat,935c287f
Bison,93a6a9eb
Bat,93b53653
Dog,941bc371
Lemming,9465ee06
Elephant,94eeddd4
Bat,95a24d37
Anteater,95a5f88b
Cat,95c2488b
Aardvark,961a319a
Elephant,96a77829
Alligator,96a92da7
Cat,97673d25
Cat,97cad9a1
Cat,97fd279f
Elephant,9821e8cf
Alligator,9821e8cf
Parrot,984bba32
Squirrel,986b1e5e
Dragon,988797a5
Alligator,99ae2c66
Elephant,9a257529
Alligator,9a257529
Lizard,9ac9c1a6
Elephant,9ad4f254
Alligator,9ad4f254
Sheep,9b385cdb
Otter,9b814808
Opossum,9b814808
Elephant,9b814808
Badger,9b83cd36
Rat,9b83cd36
Bison,9cfea420
Ant,9d1ca4a8
Alligator,9d1cce77
Alligator,9d6677db
Cat,9dbb3a0a
Elephant,9e3599f4
Badger,9e37f322
Bird,9e5030c6
Lemming,9e726b54
Wallaby,9e9d853f
Hare,9ede257b
Anteater,9f48458c
Otter,9fc0089c
Lizard,9fc52082
Alligator,a0d18958
Cat,a0d18958
Bat,a14863ef
Alligator,a15b894c
Sheep,a19caea9
Baboon,a19caea9
Parrot,a19caea9
Dragon,a1c2bb97
Cat,a1ed5036
Baboon,a22c16a9
Lion,a275cc2d
Rat,a275cc2d
Cat,a275cc2d
Lizard,a302285a
Elephant,a302285a
Hare,a350724e
Parrot,a350724e
Cat,a360d211
Raven,a39bc3ac
Badger,a39e0f87
Lynx,a3c67792
Raven,a3c67792
Cat,a465ed2d
Parrot,a48c477a
Lion,a48c477a
Bison,a4e095d5
Badger,a4e43254
Badger,a5469fd7
Rat,a5469fd7
Cat,a5469fd7
Elephant,a5a3ff05
Dog,a5f0adfd
Rat,a608ad18
Baboon,a63b8bef
Bison,a673e48c
Cat,a6ab369d
Opossum,a6ca1eb6
Anteater,a7152a85
Cat,a7c3fed6
Lizard,a857f192
Snake,a857f192
Raven,a8d1be46
Alligator,a8d2bbaa
Bat,a8ea3c84
Opossum,a910a5e4
Badger,a98650a8
Hare,a98650a8
Bat,aa8198b8
Anteater,aac4b4e2
Cat,aac4b4e2
Dog,aac4b4e2
Badger,aac4b4e2
Sheep,aac4b4e2
Cat,aaef80b0
Alligator,ab1006b4
Elephant,ab1006b4
Cat,ab1a9d0d
Sheep,ab1a9d0d
Goose,ab1a9d0d
Elephant,ab1a9d0d
Lemming,ab1a9d0d
Rat,ab1a9d0d
Otter,ab1a9d0d
Dragon,ab1a9d0d
Magpie,ab1a9d0d
Lion,ab1a9d0d
Lynx,ab1a9d0d
Raven,ab1a9d0d
SeaLion,ab1a9d0d
Anaconda,ab1a9d0d
Alligator,ab1a9d0d
Parrot,ab1a9d0d
Wallaby,ab1a9d0d
Dog,ab1a9d0d
Snake,ab1a9d0d
Opossum,ab1a9d0d
Badger,ab1a9d0d
Tortoise,ab1a9d0d
Anteater,ab1a9d0d
Owl,ab1a9d0d
Hare,ab1a9d0d
Bear,ab1a9d0d
Baboon,ab1a9d0d
Porcupine,ab1a9d0d
Bat,aba942df
Opossum,ac0b2704
Cat,ac624d04
Lion,ac624d04
Cat,ac687a41
Alligator,acce1ae4
Alligator,ace1802a
Rat,ad1b0612
Badger,ad1b0612
Crow,ad4e2472
Alligator,adc4df1a
Magpie,adc4df1a
Hare,adc4df1a
Cat,adc97eed
Elephant,adf92cfd
Alligator,ae69e1f1
Elephant,ae969363
Otter,aee21fe4
Cat,af6075fe
Bison,af631d01
Cat,affe49e8
Albatross,b0222e87
Fox,b0222e87
Anaconda,b0222e87
Beaver,b0222e87
Cat,b05b441a
Cat,b06c9c05
Beaver,b0c755f9
Cat,b0c755f9
Tortoise,b0fb5a56
Rat,b1269baf
Lion,b23492b5
Raven,b23492b5
Pelican,b23492b5
Badger,b23492b5
Lion,b2a723d7
Cat,b2ae39a1
Bison,b380211c
Lion,b44faa9b
Lion,b4cef038
Alligator,b51aa684
Parrot,b54c467b
Rhinoceros,b60f05f3
Alligator,b639630a
Cat,b639630a
Alligator,b69c25c5
Alligator,b7c46bbb
Elephant,b7c8a6bc
Alligator,b7c8a6bc
Raven,b7d3925c
Lizard,b7d3925c
Tortoise,b7d3925c
Bear,b7d3925c
Anaconda,b7d3925c
Porcupine,b7d3925c
Dragon,b7d3925c
Lynx,b7d3925c
Elephant,b7d3925c
Otter,b7d3925c
Lion,b7d3925c
Alligator,b7d3925c
Hare,b7d3925c
Bat,b861dbc1
Lion,b8b064dc
Lizard,b8df87f3
Elephant,b8df87f3
Dog,b8fbc184
Albatross,b9208721
Elephant,ba6bdeb7
Alligator,ba6bdeb7
Anteater,bad6fc9f
Tortoise,bb102146
Cat,bb4b37fa
Rat,bb877eaa
Hare,bb877eaa
Cat,bb877eaa
Parrot,bb877eaa
Cat,bbaa2b9d
Opossum,bbf4c6e1
Anteater,bce305b0
Lion,bd34350a
Cat,bd34350a
Rat,bd34350a
Elephant,be32b594
Alligator,be32b594
Lizard,bf324f18
Cat,bfd8a61d
Alligator,c043475d
Bison,c05bde59
Bison,c06115ca
Cat,c085f491
Lizard,c085f491
Cat,c13af077
Lion,c1cd7a31
Cat,c1cd7a31
Opossum,c2948e6c
Wallaby,c3453fe7
Cat,c362e53a
Beaver,c362e53a
Squirrel,c3d89125
Cat,c4399523
Baboon,c5418345
Elephant,c574bdf4
Bear,c575a3a1
Anaconda,c575a3a1
Lynx,c575a3a1
Badger,c575a3a1
Anteater,c61cda1f
Opossum,c6221ada
Alligator,c6221ada
Dragon,c6221ada
Elephant,c6221ada
Cat,c645fb4b
Hare,c645fb4b
Rat,c645fb4b
Lion,c645fb4b
Badger,c645fb4b
Alligator,c64d9786
Anteater,c6d17357
Baboon,c71a117d
Dog,c754e41e
Anteater,c7ec58ee
Cat,c84a170e
Parrot,c84a170e
Rat,c9108d5d
Alligator,c9441080
Anteater,c9ae942f
Cat,c9ae942f
Lizard,caeafe0a
Snake,caf3c198
Lizard,cafc3e59
Elephant,cbdc7edd
Alligator,cbdc7edd
Cat,cbe05d6d
Cat,cc557ef4
Bear,cc6b5dde
Lizard,cc8c4d66
Tortoise,cc8c4d66
Squirrel,cc8c4d66
Cat,cca816d3
Cat,cd2e2e69
Hare,cd2e2e69
Cat,cda74c8f
Fox,cdb2441f
Alligator,cdbf5c98
Alligator,ce8452d1
Alligator,ce9aa524
Elephant,cec06ede
Bat,cf30b5d9
Cat,cf6ac6f4
Elephant,cffe9daf
Alligator,cffe9daf
Cat,d0181074
Bat,d05ff76a
Alligator,d061c895
Bat,d0fc5698
Parrot,d1565b16
Bat,d18f6079
Bat,d1951ea7
Bison,d205ef41
Dog,d21286f0
Elephant,d21ce764
Dog,d233b929
Elephant,d233b929
Alligator,d233b929
Lynx,d24cb3bf
Rat,d24cb3bf
Otter,d24cb3bf
Goose,d24cb3bf
Cat,d24cb3bf
Owl,d24cb3bf
Otter,d28c5fbc
Alligator,d2bc1c21
Lion,d2be5a0e
Alligator,d2cbe0e9
Vulture,d32bc8c6
Bat,d3af46ba
Bison,d3ca34cc
Lizard,d3cd7423
Lizard,d41d3c14
Elephant,d44881af
Dog,d4c71c4d
Anteater,d4c71c4d
Bat,d4d6d5ee
Cat,d5bb8139
Alpaca,d5fa4080
Porcupine,d5fa4080
Raven,d5fa4080
Beaver,d5fa4080
Anaconda,d644763e
Bison,d67ba5d3
Cat,d6a960a9
Alligator,d6d68882
Alligator,d7023730
Badger,d77253b1
Hare,d7ac266b
Cat,d7ac266b
Rat,d803609c
Elephant,dac9ccde
Alligator,dada12d1
Cat,db171066
Bat,db27bdbb
Alligator,db959f8f
Cat,dbff3be1
Baboon,dc37ff58
Anteater,dc480da4
Lion,dcc6d359
Opossum,dce7990a
Cat,dce9086d
Cat,dd24c87b
Alligator,dd24c87b
Cat,dd6cb300
Aardvark,dd951a89
Beaver,de30fea4
Lizard,de482366
Bison,deb3bab1
Cat,df194379
Lizard,df194379
Elephant,dfa1e4fe
Alligator,dfa1e4fe
Elephant,dfc31bdd
Alligator,dfc31bdd
Dog,dfe23c11
Cat,e0323fba
Alligator,e07c487d
Lizard,e08fd588
Bee,e0e9020b
Anaconda,e0fd0407
Opossum,e116c968
Opossum,e168ef74
Otter,e2089028
Snake,e2089028
Lizard,e2089028
Alligator,e214f7ce
Cat,e232cff3
Cat,e28f45ce
Elephant,e305a6eb
Goose,e382f4ea
Elephant,e3fdd512
Alligator,e3fdd512
Alpaca,e44f66d1
Badger,e46f4119
Rat,e46f4119
Anaconda,e4bfe7d0
Cat,e53f3b69
Anaconda,e53f3b69
Rat,e53f3b69
Hare,e53f3b69
Lion,e53f3b69
Elephant,e53f3b69
Alligator,e53f3b69
Lizard,e53f3b69
Otter,e53f3b69
Cat,e6247196
Beaver,e6247196
Elephant,e6247196
Alligator,e6247196
Alligator,e62a4d93
Parrot,e72c7665
Dragon,e78b3756
Opossum,e792d6c3
Cat,e8206b5d
Buffalo,e8506182
Cat,e8a28f76
Beaver,e8a28f76
Cat,e90cf925
Elephant,e90cf925
Ant,e9b5bec5
Lizard,e9ccfbd4
Albatross,e9e2c0bf
Cat,ea84e6b9
Cat,eb2c7699
Elephant,eb3b8671
Alligator,eb3b8671
Wallaby,eb587c1c
Tortoise,eb627d94
Bison,eb843563
Opossum,eba85d32
Elephant,eba85d32
Alligator,eba85d32
Anaconda,ebee1d68
Raven,ebee1d68
Lynx,ec75a787
Cat,ed52acf2
Lion,ee44265e
Badger,ee44265e
Alligator,ee4e9bb0
Bat,ef6ec429
Cat,efbd3cbd
Hare,efbd3cbd
Alligator,efc8e3b0
Cat,eff5a03f
Lizard,eff5a03f
Snake,f04c2c22
Cat,f15794bf
Lion,f15794bf
Rat,f15794bf
Tortoise,f162a554
Cat,f1eb655b
Cat,f2e80442
Alligator,f3588963
Alligator,f38ee400
Elephant,f38ee400
Armadillo,f3b6a8d7
Cat,f401f6fb
Alligator,f43ce0af
Alligator,f493eb39
Ant,f4dc83b0
Opossum,f4dc83b0
Lizard,f501b622
Otter,f52edf08
Hare,f5b89594
Otter,f5c89564
Wallaby,f5c89564
Hare,f5e217a5
Cat,f5e217a5
Rat,f5e217a5
Alligator,f625e1a1
Opossum,f6384b6b
Alligator,f6384b6b
Dog,f6384b6b
Elephant,f65308dc
Bat,f6699db2
Sheep,f688f37c
Crow,f688f37c
Baboon,f6a2cb75
Elephant,f6f1623b
Alligator,f70aa54e
Alligator,f72c5e3e
Wallaby,f792dff6
Cat,f7cd6d19
Lizard,f7cd6d19
Otter,f7dee620
Badger,f8038f0d
Dog,f83b1bbd
Alligator,f866196f
Cat,f8cede3f
Hare,f96a2f7d
Cat,f96a2f7d
Lion,f96a2f7d
Parrot,f96a2f7d
Alligator,f995c553
Elephant,f995c553
Badger,f9e68e9f
Hare,f9e68e9f
Lion,f9e68e9f
Bison,fa4fb9ce
Cat,faa1468d
Alligator,faa2468b
Elephant,fad953dc
Alligator,fad953dc
Rat,fad953dc
Elephant,faf01433
Opossum,fb6e7dc6
Elephant,fb76121b
Alligator,fb76121b
Rat,fb76121b
Elephant,fbae653e
Baboon,fc133d39
Cat,fc2c39c7
Cat,fc5e37fb
Elephant,fc607eb2
Cat,fc6ba648
Cat,fccd0c7c
Opossum,fcd94378
Alligator,fcd94378
Hare,fdeb156f
Anteater,fe320ca5
Baboon,fe320ca5
Dragon,fe56dcf4
Elephant,fe56dcf4
Lynx,fe56dcf4
Alligator,fe56dcf4
Cat,fe56dcf4
Otter,fe56dcf4
Pelican,fe56dcf4
Anaconda,fe56dcf4
Lion,fe56dcf4
Raven,fe56dcf4
Lemming,fe56dcf4
Antelope,fe56dcf4
Sheep,fe56dcf4
Tortoise,fe56dcf4
Porcupine,fe56dcf4
Lion,fe907f3c
Raven,fe9524b1
Cat,feaed16a
Rat,ff7a741e
Hare,ff7a741e
